"u_who","u_age_group","u_sex","u_age","u_n_words","u_n_tokens","age_bins"
"KB0PSUNK",NA,NA,NA,11568,13297,NA
"KB1PSUNK",NA,NA,NA,767,996,NA
"KB2PSUGP",NA,NA,NA,17,20,NA
"KB2PSUNK",NA,NA,NA,1265,1448,NA
"KB3PSUNK",NA,NA,NA,4,4,NA
"KB4PSUNK",NA,NA,NA,1,1,NA
"KB5PSUNK",NA,NA,NA,197,292,NA
"KB6PSUNK",NA,NA,NA,29,39,NA
"KB7PS001",NA,NA,NA,18,41,NA
"KB8PSUGP",NA,NA,NA,5,9,NA
"KB8PSUNK",NA,NA,NA,2204,2642,NA
"KB9PSUNK",NA,NA,NA,2071,2542,NA
"KBAPS000",NA,NA,NA,167,242,NA
"KBAPSUNK",NA,NA,NA,1797,2294,NA
"KBBPSUNK",NA,NA,NA,1310,1646,NA
"KBCPSUNK",NA,NA,NA,1800,2336,NA
"KBDPSUNK",NA,NA,NA,6285,7443,NA
"KBEPSUNK",NA,NA,NA,22977,29303,NA
"KBFPSUGP",NA,NA,NA,0,1,NA
"KBFPSUNK",NA,NA,NA,383,494,NA
"KBGPSUNK",NA,NA,NA,1181,1423,NA
"KBHPSUNK",NA,NA,NA,933,1103,NA
"KBJPSUNK",NA,NA,NA,12,17,NA
"KBKPSUNK",NA,NA,NA,30,47,NA
"KBLPSUNK",NA,NA,NA,1033,1318,NA
"KBMPSUNK",NA,NA,NA,1048,1189,NA
"KBNPSUNK",NA,NA,NA,78,93,NA
"KBPPSUNK",NA,NA,NA,1457,1766,NA
"KBRPSUNK",NA,NA,NA,499,574,NA
"KBSPSUNK",NA,NA,NA,75,88,NA
"KBTPSUNK",NA,NA,NA,703,875,NA
"KBUPSUGP",NA,NA,NA,8,14,NA
"KBUPSUNK",NA,NA,NA,399,523,NA
"KBVPSUGP",NA,NA,NA,1,1,NA
"KBVPSUNK",NA,NA,NA,2712,3428,NA
"KBWPSUGP",NA,NA,NA,1517,1765,NA
"KBWPSUNK",NA,NA,NA,7989,9657,NA
"KBXPS000",NA,NA,NA,5331,5878,NA
"KBXPS001",NA,NA,NA,1305,1477,NA
"KBXPSUNK",NA,NA,NA,1254,1368,NA
"KBYPSUNK",NA,NA,NA,27,33,NA
"KC0PSUNK",NA,NA,NA,1387,1668,NA
"KC1PSUNK",NA,NA,NA,874,1063,NA
"KC2PSUNK",NA,NA,NA,1458,1704,NA
"KC3PSUGP",NA,NA,NA,1,2,NA
"KC3PSUNK",NA,NA,NA,182,221,NA
"KC4PSUNK",NA,NA,NA,30,43,NA
"KC5PSUNK",NA,NA,NA,5542,6972,NA
"KC6PSUNK",NA,NA,NA,1643,2006,NA
"KC7PSUNK",NA,NA,NA,575,695,NA
"KC8PSUNK",NA,NA,NA,5126,6010,NA
"KC9PSUNK",NA,NA,NA,3079,3819,NA
"KCAPSUGP",NA,NA,NA,4,7,NA
"KCAPSUNK",NA,NA,NA,361,433,NA
"KCBPSUNK",NA,NA,NA,198,264,NA
"KCDPSUNK",NA,NA,NA,210,228,NA
"KCEPSUNK",NA,NA,NA,1463,1791,NA
"KCFPSUNK",NA,NA,NA,460,516,NA
"KCGPSUGP",NA,NA,NA,1,1,NA
"KCGPSUNK",NA,NA,NA,704,831,NA
"KCHPSUNK",NA,NA,NA,50,63,NA
"KCKPSUGP",NA,NA,NA,2,2,NA
"KCKPSUNK",NA,NA,NA,1195,1482,NA
"KCLPSUNK",NA,NA,NA,842,1053,NA
"KCMPSUGP",NA,NA,NA,1,2,NA
"KCMPSUNK",NA,NA,NA,2290,2675,NA
"KCNPSUNK",NA,NA,NA,3695,4642,NA
"KCPPSUNK",NA,NA,NA,908,1114,NA
"KCRPSUNK",NA,NA,NA,7,8,NA
"KCSPS000",NA,NA,NA,91,97,NA
"KCSPS001",NA,NA,NA,1694,1867,NA
"KCSPS002",NA,NA,NA,68,74,NA
"KCSPSUNK",NA,NA,NA,149,161,NA
"KCTPSUGP",NA,NA,NA,16,26,NA
"KCTPSUNK",NA,NA,NA,146,198,NA
"KCUPSUNK",NA,NA,NA,422,475,NA
"KCVPSUNK",NA,NA,NA,23,28,NA
"KCWPSUGP",NA,NA,NA,17,17,NA
"KCWPSUNK",NA,NA,NA,2661,3384,NA
"KCXPSUGP",NA,NA,NA,1,1,NA
"KCXPSUNK",NA,NA,NA,1722,2093,NA
"KCYPSUNK",NA,NA,NA,185,198,NA
"KD0PSUGP",NA,NA,NA,86,139,NA
"KD0PSUNK",NA,NA,NA,8321,10480,NA
"KD1PSUNK",NA,NA,NA,615,671,NA
"KD2PSUNK",NA,NA,NA,384,501,NA
"KD3PSUNK",NA,NA,NA,59,85,NA
"KD4PSUGP",NA,NA,NA,2,5,NA
"KD4PSUNK",NA,NA,NA,128,148,NA
"KD5PSUNK",NA,NA,NA,4656,5857,NA
"KD6PSUNK",NA,NA,NA,448,501,NA
"KD7PSUNK",NA,NA,NA,1736,2203,NA
"KD8PSUNK",NA,NA,NA,9961,11502,NA
"KD9PS001",NA,NA,NA,2,4,NA
"KDAPSUGP",NA,NA,NA,47,74,NA
"KDAPSUNK",NA,NA,NA,21605,27141,NA
"KDBPSUGP",NA,NA,NA,13,20,NA
"KDBPSUNK",NA,NA,NA,3979,4925,NA
"KDCPSUNK",NA,NA,NA,1020,1186,NA
"KDEPSUNK",NA,NA,NA,9,13,NA
"KDFPSUNK",NA,NA,NA,61,80,NA
"KDGPSUGP",NA,NA,NA,3,4,NA
"KDGPSUNK",NA,NA,NA,2204,2893,NA
"KDHPSUNK",NA,NA,NA,2,4,NA
"KDJPSUNK",NA,NA,NA,214,237,NA
"KDKPS000",NA,NA,NA,42,57,NA
"KDKPSUNK",NA,NA,NA,28,46,NA
"KDLPSUNK",NA,NA,NA,925,1241,NA
"KDMPSUGP",NA,NA,NA,2,4,NA
"KDMPSUNK",NA,NA,NA,2545,3045,NA
"KDNPSUGP",NA,NA,NA,9,12,NA
"KDNPSUNK",NA,NA,NA,1214,1531,NA
"KDPPSUNK",NA,NA,NA,1383,1731,NA
"KDRPSUNK",NA,NA,NA,1604,1809,NA
"KDSPSUNK",NA,NA,NA,178,202,NA
"KDTPS000",NA,NA,NA,35,46,NA
"KDTPSUNK",NA,NA,NA,882,972,NA
"KDUPSUNK",NA,NA,NA,1086,1208,NA
"KDVPSUNK",NA,NA,NA,337,414,NA
"KDWPS001",NA,NA,NA,4,7,NA
"KDYPSUNK",NA,NA,NA,163,202,NA
"KE0PSUNK",NA,NA,NA,3404,4154,NA
"KE1PSUNK",NA,NA,NA,2630,3220,NA
"KE2PSUGP",NA,NA,NA,1,2,NA
"KE2PSUNK",NA,NA,NA,4098,4878,NA
"KE3PSUNK",NA,NA,NA,1563,1966,NA
"KE4PSUNK",NA,NA,NA,26,35,NA
"KE5PSUNK",NA,NA,NA,216,232,NA
"KE6PSUNK",NA,NA,NA,612,693,NA
"KNRPSUNK",NA,NA,NA,34,44,NA
"KNSPSUNK",NA,NA,NA,161,183,NA
"KNTPS000",NA,NA,NA,13,17,NA
"KNTPSUNK",NA,NA,NA,151,188,NA
"KNUPSUNK",NA,NA,NA,27,33,NA
"KNVPS000",NA,NA,NA,2,3,NA
"KNVPSUGP",NA,NA,NA,44,51,NA
"KNVPSUNK",NA,NA,NA,885,1130,NA
"KNWPSUNK",NA,NA,NA,297,332,NA
"KNYPS000",NA,NA,NA,225,285,NA
"KNYPSUNK",NA,NA,NA,2315,2899,NA
"KP0PSUNK",NA,NA,NA,6449,7721,NA
"KP1PSUNK",NA,NA,NA,1028,1256,NA
"KP2PSUGP",NA,NA,NA,1,1,NA
"KP2PSUNK",NA,NA,NA,761,847,NA
"KP3PS000",NA,NA,NA,1367,1641,NA
"KP3PSUNK",NA,NA,NA,4177,5045,NA
"KP4PS000",NA,NA,NA,244,329,NA
"KP5PSUNK",NA,NA,NA,5416,6780,NA
"KP6PSUNK",NA,NA,NA,8437,9782,NA
"KP7PSUNK",NA,NA,NA,43,53,NA
"KP9PSUNK",NA,NA,NA,460,559,NA
"KPAPS000",NA,NA,NA,6760,7636,NA
"KPAPSUNK",NA,NA,NA,3349,4038,NA
"KPBPS000",NA,NA,NA,588,828,NA
"KPBPSUNK",NA,NA,NA,10,12,NA
"KPEPS000",NA,NA,NA,399,530,NA
"KPEPS001",NA,NA,NA,38,52,NA
"KPFPSUNK",NA,NA,NA,1173,1429,NA
"KPGPSUGP",NA,NA,NA,133,172,NA
"KPGPSUNK",NA,NA,NA,4541,5708,NA
"KPHPSUNK",NA,NA,NA,4180,4944,NA
"KPJPSUNK",NA,NA,NA,656,800,NA
"KPKPS000",NA,NA,NA,90,117,NA
"KPKPS001",NA,NA,NA,670,836,NA
"KPKPS002",NA,NA,NA,251,310,NA
"KPKPS003",NA,NA,NA,80,102,NA
"KPKPS004",NA,NA,NA,72,90,NA
"KPKPS005",NA,NA,NA,9,11,NA
"KPKPSUNK",NA,NA,NA,604,756,NA
"KPLPSUGP",NA,NA,NA,15,27,NA
"KPLPSUNK",NA,NA,NA,2869,3707,NA
"KPMPS000",NA,NA,NA,938,1138,NA
"KPMPS001",NA,NA,NA,434,523,NA
"KPMPS002",NA,NA,NA,833,999,NA
"KPMPS003",NA,NA,NA,268,329,NA
"KPMPS004",NA,NA,NA,1274,1495,NA
"KPMPS005",NA,NA,NA,69,87,NA
"KPMPS006",NA,NA,NA,1102,1324,NA
"KPMPSUNK",NA,NA,NA,775,956,NA
"KPNPSUNK",NA,NA,NA,757,919,NA
"KPPPSUNK",NA,NA,NA,1810,2263,NA
"KPRPSUGP",NA,NA,NA,13,15,NA
"KPRPSUNK",NA,NA,NA,8,10,NA
"KPSPSUNK",NA,NA,NA,20,25,NA
"KPTPS000",NA,NA,NA,11,14,NA
"KPTPS001",NA,NA,NA,5,7,NA
"KPTPSUNK",NA,NA,NA,214,276,NA
"KPUPSUNK",NA,NA,NA,9,11,NA
"KPVPS000",NA,NA,NA,3695,4625,NA
"KPVPS001",NA,NA,NA,938,1173,NA
"KPVPS002",NA,NA,NA,3535,4379,NA
"KPVPS003",NA,NA,NA,6687,7984,NA
"KPVPSUNK",NA,NA,NA,34833,44103,NA
"KPWPSUGP",NA,NA,NA,62,74,NA
"KPWPSUNK",NA,NA,NA,1204,1493,NA
"KPXPSUNK",NA,NA,NA,1136,1460,NA
"KPYPSUGP",NA,NA,NA,1,1,NA
"KPYPSUNK",NA,NA,NA,2594,3085,NA
"KR0PS000",NA,NA,NA,1763,2108,NA
"KR0PS001",NA,NA,NA,42,54,NA
"KR0PSUNK",NA,NA,NA,509,569,NA
"KR1PSUGP",NA,NA,NA,30,36,NA
"KR1PSUNK",NA,NA,NA,1208,1365,NA
"KSNPSUGP",NA,NA,NA,4,8,NA
"KSNPSUNK",NA,NA,NA,7287,9680,NA
"KSPPSUNK",NA,NA,NA,38,44,NA
"KSRPSUGP",NA,NA,NA,2,4,NA
"KSRPSUNK",NA,NA,NA,209,260,NA
"KSSPSUGP",NA,NA,NA,2,7,NA
"KSSPSUNK",NA,NA,NA,72,86,NA
"KSTPSUNK",NA,NA,NA,235,267,NA
"KSUPSUNK",NA,NA,NA,256,335,NA
"KSVPSUNK",NA,NA,NA,3,6,NA
"KSWPSUNK",NA,NA,NA,222,283,NA
"PS002","60+","Female","60",3540,4183,"60-69"
"PS003","45-59","Female","50",4386,5084,"50-59"
"PS004","25-34","Male","25",2213,2467,"20-29"
"PS005","35-44","Female","40",4555,5138,"40-49"
"PS006","45-59","Male","50",2144,2442,"50-59"
"PS007","60+","Male","79",6938,8068,"70+"
"PS008","35-44","Male","40",4143,4681,"40-49"
"PS009","35-44","Male","40",3610,4181,"40-49"
"PS00A","60+","Male","60",629,697,"60-69"
"PS01A","45-59","Male","53",13218,15992,"50-59"
"PS01B","45-59","Female","47",12523,15156,"40-49"
"PS01C","60+","Female","70",3243,3900,"70+"
"PS01D","15-24","Female","18",3976,4684,"10-19"
"PS01E","35-44","Male","39",1074,1313,"30-39"
"PS01F","35-44","Female","38",6438,8130,"30-39"
"PS01G","0-14","Female","5",429,617,"0-9"
"PS01H","60+","Female","67",476,571,"60-69"
"PS01J","45-59","Female","46+",39,56,"40-49"
"PS01T","60+","Male","68",6989,7915,"60-69"
"PS01U","45-59","Female","45",12643,14302,"40-49"
"PS01V","60+","Female","63",16634,18943,"60-69"
"PS01W",NA,"Female",NA,49,56,NA
"PS028","15-24","Male","16",1431,1871,"10-19"
"PS029","25-34","Female","29",8355,10007,"20-29"
"PS02A","25-34","Male","25",220,254,"20-29"
"PS02B","25-34","Female","32",1958,2435,"30-39"
"PS02C","25-34","Female","32",142,176,"30-39"
"PS02D","25-34","Female","28",1208,1450,"20-29"
"PS02E","25-34","Female","29",1594,1955,"20-29"
"PS02F","0-14","Male","3",406,541,"0-9"
"PS02G","45-59","Female","46",45709,53436,"40-49"
"PS02H","25-34","Male","33",24405,29650,"30-39"
"PS02J","45-59","Male","45",16,21,"40-49"
"PS02K","35-44","Female","40",1421,1729,"40-49"
"PS02L","60+","Female","63",9934,11921,"60-69"
"PS02M","35-44","Female","40",451,527,"40-49"
"PS02N","45-59","Female","45",1928,2409,"40-49"
"PS02P","45-59","Male","50",322,403,"50-59"
"PS02R",NA,"Male",NA,842,1044,NA
"PS02S","45-59","Male","46",87,114,"40-49"
"PS02T","45-59","Male","50",96,119,"50-59"
"PS02U","60+","Male","60",242,308,"60-69"
"PS02V","15-24","Male","23",28,36,"20-29"
"PS02X","15-24","Female","22",5520,6649,"20-29"
"PS02Y","15-24","Male","17",2629,3334,"10-19"
"PS030","15-24","Male","19",161,206,"10-19"
"PS031","0-14","Male","2",541,862,"0-9"
"PS032","0-14","Female","1",258,385,"0-9"
"PS033","25-34","Male","26",179,244,"20-29"
"PS036","60+","Male","61",41,46,"60-69"
"PS037","45-59","Female","57",246,298,"50-59"
"PS038","25-34","Male","26",22,32,"20-29"
"PS039","35-44","Female","44",717,872,"40-49"
"PS03A","45-59","Male","56",127,157,"50-59"
"PS03B","45-59","Female","50",7,9,"50-59"
"PS03C","25-34","Female","27",301,377,"20-29"
"PS03D","35-44","Female","36",14,17,"30-39"
"PS03F","35-44","Male","40",125,160,"40-49"
"PS03H","35-44","Female","44",157,181,"40-49"
"PS03J","15-24","Female","21",15,18,"20-29"
"PS03K","45-59","Male","50",3,4,"50-59"
"PS03M","25-34","Female","25",30,37,"20-29"
"PS03N","35-44","Male","36",593,722,"30-39"
"PS03R",NA,"Female",NA,674,904,NA
"PS03S","60+","Male","82",36173,42021,"70+"
"PS03T","60+","Female","75",37697,43875,"70+"
"PS03U","45-59","Male","54",1660,1953,"50-59"
"PS03V","45-59","Female","51",978,1174,"50-59"
"PS03W","35-44","Male","41",32721,38916,"40-49"
"PS03X","35-44","Female","35",6909,8256,"30-39"
"PS03Y","25-34","Male","30",5386,6790,"30-39"
"PS040","35-44","Male","38",7402,8981,"30-39"
"PS041",NA,NA,NA,3,4,NA
"PS042","25-34","Male","30",1619,1968,"30-39"
"PS043","25-34","Male","30",678,817,"30-39"
"PS044","35-44","Female","35",572,677,"30-39"
"PS045","0-14","Male","9",363,456,"0-9"
"PS04B","45-59","Female","57",19515,23057,"50-59"
"PS04C","60+","Female","76",2693,3292,"70+"
"PS04D","60+","Female","64",1980,2348,"60-69"
"PS04E","25-34","Female","33",2294,2689,"30-39"
"PS04F","25-34","Female","25",6457,7547,"20-29"
"PS04G","25-34","Female","32",1719,2065,"30-39"
"PS04H","15-24","Female","23",3584,4262,"20-29"
"PS04J","45-59","Male","55",714,945,"50-59"
"PS04K","60+","Female","76",4717,5615,"70+"
"PS04U","25-34","Female","34",55206,64329,"30-39"
"PS04V","35-44","Male","37",10023,12081,"30-39"
"PS04W","15-24","Male","15",3125,3987,"10-19"
"PS04X","0-14","Female","11",5154,6396,"10-19"
"PS04Y","60+","Female","62",37716,44038,"60-69"
"PS050","15-24","Male","23",339,391,"20-29"
"PS051","25-34","Male","34",8279,10026,"30-39"
"PS052","25-34","Female","33",16360,19136,"30-39"
"PS053","0-14","Male","4",1001,1257,"0-9"
"PS054","0-14","Female","1",277,398,"0-9"
"PS055","0-14","Male","7",622,768,"0-9"
"PS056","0-14","Male","9",1495,1759,"0-9"
"PS057","45-59","Male","58",242,295,"50-59"
"PS058","60+","Male","65",50,57,"60-69"
"PS059","60+","Male","62",1449,1740,"60-69"
"PS05B","35-44","Female","36",24075,28709,"30-39"
"PS05C","15-24","Female","18",2750,3482,"10-19"
"PS05D","35-44","Male","36",6197,7547,"30-39"
"PS05E","0-14","Female","2",2911,4014,"0-9"
"PS05F","25-34","Female","30+",5028,5885,"30-39"
"PS05H","60+","Male","60+",2427,2778,"60-69"
"PS05J","60+","Female","60+",6312,7384,"60-69"
"PS05K","0-14","Male","5",707,875,"0-9"
"PS05X","45-59","Male","51",26998,33116,"50-59"
"PS05Y","15-24","Female","15",4435,5011,"10-19"
"PS060","15-24","Female","16",4724,5392,"10-19"
"PS061","45-59","Male","52",22,23,"50-59"
"PS062","0-14","Female","9",828,921,"0-9"
"PS063","25-34","Female","29",99,112,"20-29"
"PS064","45-59","Female","50",1177,1349,"50-59"
"PS065","60+","Male","65",15924,19759,"60-69"
"PS066","60+","Female","67",11337,13385,"60-69"
"PS067","60+","Male","72",4,5,"70+"
"PS068","60+","Female","70",16,19,"70+"
"PS069",NA,"Male",NA,4348,5127,NA
"PS06A","35-44","Female","43",10371,12620,"40-49"
"PS06B","0-14","Female","13",4994,6208,"10-19"
"PS06C",NA,NA,NA,349,460,NA
"PS06D","15-24","Female","21",1933,2315,"20-29"
"PS06E","0-14","Female","12",1333,1588,"10-19"
"PS06F","35-44","Male","43",1390,1751,"40-49"
"PS06G","25-34","Female","33",3224,3915,"30-39"
"PS06H","15-24","Female","16",2812,3490,"10-19"
"PS06J","60+","Male","70",1978,2506,"70+"
"PS079","60+","Male","79",2570,3164,"70+"
"PS07A","60+","Female","81",1539,1927,"70+"
"PS07B","45-59","Female","50",74,88,"50-59"
"PS07C","25-34","Female","30",2171,2573,"30-39"
"PS07D","0-14","Male","8",1046,1354,"0-9"
"PS07E","25-34","Male","32",1250,1489,"30-39"
"PS07F","35-44","Male","40",370,467,"40-49"
"PS07G","25-34","Male","28",309,377,"20-29"
"PS07H","35-44","Male","38",407,525,"30-39"
"PS07J","35-44","Male","37",134,176,"30-39"
"PS07K","25-34","Male","33",939,1081,"30-39"
"PS07L","25-34","Female","32",1180,1402,"30-39"
"PS07M","0-14","Male","6",179,209,"0-9"
"PS07N","0-14","Male","10",65,86,"10-19"
"PS07P","0-14","Female","1",228,279,"0-9"
"PS087","25-34","Female","34",68676,80886,"30-39"
"PS088","0-14","Male","3",9503,12235,"0-9"
"PS089","0-14","Male","5",12871,16116,"0-9"
"PS08A","35-44","Male","36",9997,12154,"30-39"
"PS08B","0-14","Female","14",208,261,"10-19"
"PS08C","35-44","Female","40",204,257,"40-49"
"PS08D","35-44","Female","38",283,322,"30-39"
"PS08P","35-44","Female","40",188,228,"40-49"
"PS08S","60+","Female","60+",27,34,"60-69"
"PS08T","45-59","Male","45",7,12,"40-49"
"PS08U","60+","Female","60",73,88,"60-69"
"PS08V","60+","Female","60",40,50,"60-69"
"PS08W","35-44","Female","40",18,24,"40-49"
"PS08X","15-24","Female","19",2691,3270,"10-19"
"PS08Y","60+","Female","70",17597,21383,"70+"
"PS090","60+","Male","79",4308,5164,"70+"
"PS091","60+","Female","89",6353,7452,"70+"
"PS092","60+","Female","62",4981,6048,"60-69"
"PS093","35-44","Male","40",2982,3547,"40-49"
"PS094","45-59","Female","46",43,62,"40-49"
"PS095","60+","Male","95",4213,5087,"70+"
"PS096","45-59","Female","50",3587,4114,"50-59"
"PS097","25-34","Male","34",2971,3577,"30-39"
"PS09E","45-59","Male","50",9475,11320,"50-59"
"PS09F","45-59","Female","48",2117,2636,"40-49"
"PS09G","35-44","Male","44",5814,6880,"40-49"
"PS09H","45-59","Male","46",173,207,"40-49"
"PS09K","60+","Male","60",1217,1404,"60-69"
"PS09L","45-59","Female","58",437,506,"50-59"
"PS09M","0-14","Male","4",1160,1440,"0-9"
"PS09N","45-59","Male","55",869,988,"50-59"
"PS09T","60+","Male","77",10847,12299,"70+"
"PS09U","60+","Female","71",10705,11946,"70+"
"PS09V","35-44","Male","41",5730,6554,"40-49"
"PS09W","25-34","Male","32",7908,9197,"30-39"
"PS09X","35-44","Female","36",3889,4677,"30-39"
"PS09Y","0-14","Female","11",2077,2433,"10-19"
"PS0A0","35-44","Male","37",1045,1151,"30-39"
"PS0A1","0-14","Female","7",1567,1762,"0-9"
"PS0A2","35-44","Female","39",2582,2862,"30-39"
"PS0A8","60+","Male","66",9746,11270,"60-69"
"PS0A9","45-59","Female","49",53,63,"40-49"
"PS0AA","45-59","Male","49",8450,9511,"40-49"
"PS0AB","60+","Female","68",8654,9834,"60-69"
"PS0AC","35-44","Female","40",6284,7283,"40-49"
"PS0AD","15-24","Female","15",4040,4770,"10-19"
"PS0AE","35-44","Female","40",480,577,"40-49"
"PS0AF","25-34","Female","30",484,577,"30-39"
"PS0AG","60+","Female","61",451,572,"60-69"
"PS0AJ","25-34","Female","30",9404,11606,"30-39"
"PS0AK",NA,NA,NA,59,79,NA
"PS0AL","25-34","Female","28",3104,3807,"20-29"
"PS0AM",NA,NA,NA,1782,2243,NA
"PS0AN","0-14","Female","7",1944,2472,"0-9"
"PS0AP",NA,NA,NA,163,211,NA
"PS0AR",NA,NA,NA,1371,1674,NA
"PS0AS",NA,NA,NA,99,140,NA
"PS0AT",NA,NA,NA,331,394,NA
"PS0BA","25-34","Male","25",7306,8815,"20-29"
"PS0BB","15-24","Female","24",3456,4186,"20-29"
"PS0BC","15-24","Male","24",1012,1218,"20-29"
"PS0BD","25-34","Male","26",116,152,"20-29"
"PS0BE","15-24","Female","24",312,392,"20-29"
"PS0BF","15-24","Female","23",285,360,"20-29"
"PS0BG","25-34","Male","25",437,532,"20-29"
"PS0BH","25-34","Male","25",453,562,"20-29"
"PS0BJ","15-24","Male","20",907,1127,"20-29"
"PS0BK","15-24","Female","21",8424,9649,"20-29"
"PS0BL","15-24","Female","22",3981,4728,"20-29"
"PS0BS","15-24","Female","18",2374,2771,"10-19"
"PS0BT","15-24","Male","21",816,965,"20-29"
"PS0BY","25-34","Female","32",11691,13391,"30-39"
"PS0C1","25-34","Male","34",611,736,"30-39"
"PS0C4",NA,NA,NA,2303,2733,NA
"PS0C5","60+","Male","60",191,239,"60-69"
"PS0C6","60+","Female","61",75,81,"60-69"
"PS0C7","35-44","Female","40+",48,66,"40-49"
"PS0CG","60+","Female","65",31136,37591,"60-69"
"PS0CH","60+","Male","63",7288,9486,"60-69"
"PS0CJ","25-34","Female","25",4068,5336,"20-29"
"PS0CK","35-44","Female","40+",3354,4253,"40-49"
"PS0CL",NA,NA,NA,117,148,NA
"PS0CM",NA,"Female",NA,2229,2870,NA
"PS0CN","45-59","Male","50",2472,2862,"50-59"
"PS0CP",NA,NA,NA,12,17,NA
"PS0CR",NA,NA,NA,4688,5695,NA
"PS0DL","25-34","Male","32",4664,5700,"30-39"
"PS0DM","25-34","Female","29",5538,6552,"20-29"
"PS0DN","25-34","Female","29",4816,5635,"20-29"
"PS0DP","25-34","Female","32",5709,6425,"30-39"
"PS0DR","45-59","Male","56",513,608,"50-59"
"PS0DT","0-14","Male","6",1388,1730,"0-9"
"PS0DU","0-14","Female","3",77,99,"0-9"
"PS0DX","60+","Male","62",6372,7490,"60-69"
"PS0DY","45-59","Female","58",1965,2543,"50-59"
"PS0E2","15-24","Female","23",4187,4950,"20-29"
"PS0E3","25-34","Male","25",2054,2427,"20-29"
"PS0E4","60+","Female","60+",649,772,"60-69"
"PS0E5","45-59","Female","53",486,608,"50-59"
"PS0E6","45-59","Female","57",363,451,"50-59"
"PS0E8","35-44","Female","40",20641,24849,"40-49"
"PS0E9","0-14","Female","11",7530,9664,"10-19"
"PS0EA","0-14","Female","7",3766,5018,"0-9"
"PS0EB","15-24","Female","16",19001,22226,"10-19"
"PS0EC","15-24","Female","16",10239,12194,"10-19"
"PS0ED","35-44","Female","41",3564,4079,"40-49"
"PS0EE","15-24","Male","17",1700,1955,"10-19"
"PS0EF","0-14","Female","13",9380,11129,"10-19"
"PS0EG","15-24","Male","18",4658,5618,"10-19"
"PS0EH","15-24","Male","19",2694,3106,"10-19"
"PS0EJ","15-24","Male","18",1512,1776,"10-19"
"PS0EK","15-24","Female","16",172,192,"10-19"
"PS0F5","35-44","Female","39",1117,1332,"30-39"
"PS0F6","0-14","Female","7",514,650,"0-9"
"PS0F7","60+","Female","66",3992,4566,"60-69"
"PS0F8","45-59","Male","53",15117,18488,"50-59"
"PS0F9","35-44","Female","39",6051,7356,"30-39"
"PS0FA","15-24","Male","18",10337,12296,"10-19"
"PS0FB","15-24","Female","16",983,1215,"10-19"
"PS0FC","25-34","Female","25",1610,1947,"20-29"
"PS0FD","35-44","Female","40",74,97,"40-49"
"PS0FE","15-24","Male","17",1268,1595,"10-19"
"PS0FF","45-59","Female","54",19549,23437,"50-59"
"PS0FG","60+","Female","84",15745,18853,"70+"
"PS0FH","45-59","Male","57",4514,5414,"50-59"
"PS0FJ","25-34","Female","32",564,752,"30-39"
"PS0FK","25-34","Male","34",537,743,"30-39"
"PS0FL","25-34","Male","25",1622,1977,"20-29"
"PS0FM","0-14","Male","9",1005,1348,"0-9"
"PS0FN","25-34","Female","30",1366,1707,"30-39"
"PS0FP","35-44","Female","40",37712,43618,"40-49"
"PS0FR","0-14","Male","10",10531,13060,"10-19"
"PS0FS","35-44","Male","40",25592,29756,"40-49"
"PS0FU","25-34","Female","30",69,86,"30-39"
"PS0FX","35-44","Female","40",9919,11565,"40-49"
"PS0G0","60+","Female","76",4860,5779,"70+"
"PS0G1","60+","Male","78",1862,2307,"70+"
"PS0G2","60+","Female","70",4789,5575,"70+"
"PS0G3","60+","Male","67",959,1166,"60-69"
"PS0G4","45-59","Male","50",1248,1465,"50-59"
"PS0G5","45-59","Female","47",2197,2487,"40-49"
"PS0G7","15-24","Female","23",2578,2949,"20-29"
"PS0G8","35-44","Female","44",376,451,"40-49"
"PS0G9","35-44","Male","43",22,29,"40-49"
"PS0GA","45-59","Female","47",1029,1204,"40-49"
"PS0GE","0-14","Male","10",198,229,"10-19"
"PS0GF","15-24","Female","24",15856,19448,"20-29"
"PS0GG","25-34","Male","25",15190,18708,"20-29"
"PS0GH","0-14","Female","2",727,1218,"0-9"
"PS0GJ","15-24","Female","20",11624,14141,"20-29"
"PS0GK","25-34","Male","25",9938,12077,"20-29"
"PS0GL","0-14","Male","4",102,143,"0-9"
"PS0GM","45-59","Female","46",43681,50046,"40-49"
"PS0GN","60+","Female","75",4472,5393,"70+"
"PS0GP","60+","Male","79",1161,1307,"70+"
"PS0GR","60+","Male","72",2049,2566,"70+"
"PS0GS","60+","Female","69",11043,12262,"60-69"
"PS0GT","60+","Male","61",9743,11757,"60-69"
"PS0GU","25-34","Female","33",3909,5092,"30-39"
"PS0GV","35-44","Female","36",5055,6384,"30-39"
"PS0GW","25-34","Female","29",438,551,"20-29"
"PS0H7","45-59","Female","57",17402,22430,"50-59"
"PS0H8","15-24","Female","15",9103,11244,"10-19"
"PS0H9","35-44","Male","36",17614,19421,"30-39"
"PS0HA","25-34","Male","33",743,810,"30-39"
"PS0HB","25-34","Male","34",2784,3106,"30-39"
"PS0HC","35-44","Male","35",936,1010,"30-39"
"PS0HD","35-44","Female","42",1566,1709,"40-49"
"PS0HE","35-44","Male","42",633,701,"40-49"
"PS0HF","60+","Male","72",119,121,"70+"
"PS0HG","60+","Female","74",13,14,"70+"
"PS0HH","45-59","Male","45",876,934,"40-49"
"PS0HM","35-44","Male","41",25797,30732,"40-49"
"PS0HN","0-14","Male","12",14658,18166,"10-19"
"PS0HP","35-44","Female","40",21208,25023,"40-49"
"PS0HR","25-34","Female","29",1813,2341,"20-29"
"PS0HS","60+","Male","74",2407,2988,"70+"
"PS0HT","35-44","Male","40",1966,2405,"40-49"
"PS0HU","35-44","Female","41",1483,1812,"40-49"
"PS0HV","25-34","Male","33",494,610,"30-39"
"PS0HW","0-14","Female","13",329,412,"10-19"
"PS0HX","60+","Female","70+",316,389,"70+"
"PS0HY","60+","Female","70+",2970,3711,"70+"
"PS0J0","15-24","Male","15",1074,1337,"10-19"
"PS0J1","15-24","Female","20",7449,8991,"20-29"
"PS0J2","60+","Female","60+",91,106,"60-69"
"PS0J3","45-59","Male","45",2671,3249,"40-49"
"PS0J4","45-59","Female","51",2025,2524,"50-59"
"PS0J5","15-24","Male","21",186,231,"20-29"
"PS0J6","25-34","Male","25",25,34,"20-29"
"PS0J7","15-24","Female","23",5499,6678,"20-29"
"PS0J8","45-59","Male","50",488,602,"50-59"
"PS0J9","45-59","Female","45",2512,3081,"40-49"
"PS0JA","25-34","Female","25",22846,25160,"20-29"
"PS0JB","0-14","Female","4",8575,9803,"0-9"
"PS0JC","25-34","Female","29",5976,6532,"20-29"
"PS0JD",NA,"Female",NA,108,122,NA
"PS0JE","25-34","Female","25",1708,1852,"20-29"
"PS0JF","0-14","Male","3",2982,3374,"0-9"
"PS0JG","45-59","Male","45",48,52,"40-49"
"PS0JH","0-14","Male","3",274,300,"0-9"
"PS0JJ","25-34","Female","30",18564,22578,"30-39"
"PS0JK",NA,"Male",NA,48,90,NA
"PS0JL","25-34","Male","29",11942,14308,"20-29"
"PS0JP","25-34","Female","27",519,664,"20-29"
"PS0JR","45-59","Female","52",4184,4842,"50-59"
"PS0JS","25-34","Female","27",506,642,"20-29"
"PS0JT","0-14","Male","2",49,88,"0-9"
"PS0JW","25-34","Female","34",3609,4144,"30-39"
"PS0JX","25-34","Male","27",19576,23942,"20-29"
"PS0JY","25-34","Female","27",9399,12021,"20-29"
"PS0K0","60+","Male","60",2420,3143,"60-69"
"PS0K1","45-59","Female","50",1433,1822,"50-59"
"PS0K2","25-34","Female","29",811,986,"20-29"
"PS0K3","60+","Male","60+",255,317,"60-69"
"PS0K4","60+","Female","60+",670,826,"60-69"
"PS0K5","25-34","Male","30",2266,2663,"30-39"
"PS0K6","25-34","Female","30",1489,1898,"30-39"
"PS0K7","25-34","Male","28",1980,2398,"20-29"
"PS0K8","25-34","Male","26",4612,5656,"20-29"
"PS0K9","25-34","Male","30+",4438,5416,"30-39"
"PS0KA","25-34","Male","30+",733,893,"30-39"
"PS0KB","15-24","Male","20+",371,459,"20-29"
"PS0KC","25-34","Male","30+",374,467,"30-39"
"PS0KD","15-24","Male","20+",360,457,"20-29"
"PS0KE","25-34","Female","28",89,124,"20-29"
"PS0KF","25-34","Male","25",44,55,"20-29"
"PS0KG","35-44","Female","40+",87,103,"40-49"
"PS0KH","35-44","Male","40+",266,338,"40-49"
"PS0KJ","15-24","Male","20+",535,660,"20-29"
"PS0KK","35-44","Male","40+",45,64,"40-49"
"PS0KL","25-34","Male","30+",697,828,"30-39"
"PS0KM","35-44","Male","40+",201,268,"40-49"
"PS0KN","15-24","Male","17",14727,16279,"10-19"
"PS0KP","35-44","Male","35",7593,9153,"30-39"
"PS0KR","35-44","Female","35",3301,4053,"30-39"
"PS0KS","0-14","Male","13",2223,2710,"10-19"
"PS0KT","0-14","Female","10",1629,2120,"10-19"
"PS0KU","0-14","Male","7",1438,1748,"0-9"
"PS0KV",NA,"Male",NA,2657,3222,NA
"PS0KW","60+","Male","74",381,462,"70+"
"PS0KX","60+","Female","70",1944,2186,"70+"
"PS0KY","15-24","Female","17",8668,10033,"10-19"
"PS0L0",NA,NA,NA,225,289,NA
"PS0L1",NA,NA,NA,71,90,NA
"PS0L2",NA,NA,NA,1610,1977,NA
"PS0L3",NA,NA,NA,18,20,NA
"PS0L4",NA,NA,NA,116,156,NA
"PS0L5","15-24","Female","17",208,257,"10-19"
"PS0L6","15-24","Female","17",2377,2788,"10-19"
"PS0L7","15-24","Female","17",456,578,"10-19"
"PS0LK","25-34","Female","25",41082,47263,"20-29"
"PS0LL","25-34","Male","28",8972,10589,"20-29"
"PS0LM","45-59","Female","55",7131,8550,"50-59"
"PS0LN","45-59","Male","45",1469,1631,"40-49"
"PS0LP","45-59","Male","58",2091,2433,"50-59"
"PS0LR","60+","Female","76",4666,5745,"70+"
"PS0LS","45-59","Male","45",1041,1237,"40-49"
"PS0LT","35-44","Male","40",1049,1211,"40-49"
"PS0LU","25-34","Male","27",3927,4554,"20-29"
"PS0M4","25-34","Female","33",14661,17206,"30-39"
"PS0M5","0-14","Male","3",7725,9419,"0-9"
"PS0M6","25-34","Female","32",1074,1383,"30-39"
"PS0M7","45-59","Female","58",171,210,"50-59"
"PS0M8","0-14","Male","1",47,88,"0-9"
"PS0M9","35-44","Male","38",110,148,"30-39"
"PS0MA","25-34","Female","31",3537,4501,"30-39"
"PS0MB",NA,NA,NA,179,224,NA
"PS0MC",NA,NA,NA,512,640,NA
"PS0MD","25-34","Male","28",3170,3990,"20-29"
"PS0ME",NA,NA,NA,236,292,NA
"PS0MF","15-24","Male","23",448,592,"20-29"
"PS0MG",NA,NA,NA,1520,1939,NA
"PS0MH",NA,NA,NA,540,706,NA
"PS0MJ",NA,NA,NA,650,860,NA
"PS0MX","25-34","Male","32",1355,1766,"30-39"
"PS0MY","0-14","Male","12",3772,4923,"10-19"
"PS0N0","0-14","Male","8",2473,3263,"0-9"
"PS0N1","25-34","Female","32",1265,1634,"30-39"
"PS0N3","25-34","Female","26",2104,2363,"20-29"
"PS0N4","45-59","Male","53",10534,11800,"50-59"
"PS0N5","25-34","Female","26",3834,4166,"20-29"
"PS0N6","0-14","Male","2",188,214,"0-9"
"PS0N7","45-59","Female","55",67,85,"50-59"
"PS0N8","15-24","Female","24",66,87,"20-29"
"PS0N9","45-59","Male","55",130,160,"50-59"
"PS0NA",NA,"Female",NA,90,111,NA
"PS0NB","25-34","Male","31",8193,10200,"30-39"
"PS0NC",NA,NA,NA,3672,4643,NA
"PS0ND",NA,NA,NA,1014,1301,NA
"PS0NE",NA,NA,NA,1420,1682,NA
"PS0NF",NA,NA,NA,137,164,NA
"PS0NG",NA,NA,NA,24,34,NA
"PS0NH",NA,NA,NA,1349,1725,NA
"PS0NJ",NA,NA,NA,840,1192,NA
"PS0NK",NA,NA,NA,156,213,NA
"PS0NR","60+","Female","81",7042,8262,"70+"
"PS0NS","35-44","Female","40+",3625,4105,"40-49"
"PS0NT","35-44","Female","42",554,642,"40-49"
"PS0NU","60+","Male","68",444,531,"60-69"
"PS0NV","0-14","Male","13",122,150,"10-19"
"PS0NW","45-59","Female","47",3288,4099,"40-49"
"PS0NX","15-24","Female","16",3245,4135,"10-19"
"PS0NY","60+","Female","65",2525,3321,"60-69"
"PS0P0","35-44","Female","44",2021,2594,"40-49"
"PS0P1",NA,NA,NA,78,109,NA
"PS0P3","45-59","Female","48",466,567,"40-49"
"PS0P4","35-44","Female","35",32,44,"30-39"
"PS0PN","45-59","Male","57",36166,41976,"50-59"
"PS0PP","45-59","Female","55",27380,31912,"50-59"
"PS0PR","60+","Male","61",728,871,"60-69"
"PS0PS","45-59","Female","50",903,1029,"50-59"
"PS0PT","45-59","Male","50",45,59,"50-59"
"PS0PU","45-59","Male","54",143,161,"50-59"
"PS0PV","45-59","Female","45",158,188,"40-49"
"PS0PW","45-59","Male","46",1166,1429,"40-49"
"PS0PX","60+","Female","70",1209,1442,"70+"
"PS0PY","60+","Female","66",1208,1454,"60-69"
"PS0R0","35-44","Male","35",120,144,"30-39"
"PS0R1","45-59","Female","57",475,558,"50-59"
"PS0R2","25-34","Female","31",233,253,"30-39"
"PS0R3","45-59","Male","54",756,907,"50-59"
"PS0R4","35-44","Male","36",483,572,"30-39"
"PS0R5","25-34","Female","27",202,256,"20-29"
"PS0R6","0-14","Male","11",6,8,"10-19"
"PS0R7","60+","Female","60",1970,2251,"60-69"
"PS0R8","0-14","Female","6",528,673,"0-9"
"PS0R9","0-14","Male","5",880,1135,"0-9"
"PS0RA","0-14","Female","8",430,549,"0-9"
"PS0RB","25-34","Female","31",10045,11508,"30-39"
"PS0RC","60+","Male","61",6911,7959,"60-69"
"PS0RD","60+","Male","61",2923,3222,"60-69"
"PS0RE","35-44","Female","37",146,160,"30-39"
"PS0RF","60+","Male","60",535,579,"60-69"
"PS0RG","45-59","Male","45",1581,1772,"40-49"
"PS0RH","35-44","Female","43",307,332,"40-49"
"PS0RJ","35-44","Female","37",148,162,"30-39"
"PS0RK","60+","Male","61",130,142,"60-69"
"PS0RL","35-44","Male","40",92,101,"40-49"
"PS0RM","60+","Male","63",69,78,"60-69"
"PS0RN","25-34","Female","27",98,105,"20-29"
"PS0RP","60+","Female","62",2597,2819,"60-69"
"PS0RR","35-44","Female","42",3823,4500,"40-49"
"PS0RS","15-24","Female","22",974,1161,"20-29"
"PS0RT","60+","Male","61",117,143,"60-69"
"PS0RU","60+","Male","62",191,233,"60-69"
"PS0RV","45-59","Female","57",274,345,"50-59"
"PS0RW","45-59","Male","48",208,248,"40-49"
"PS0RX","25-34","Male","27",5,6,"20-29"
"PS0RY","60+","Female","64",236,294,"60-69"
"PS0S0","45-59","Male","45",5757,6791,"40-49"
"PS0S1","60+","Female","61",725,859,"60-69"
"PS0S2","35-44","Female","42",31,43,"40-49"
"PS0S3","45-59","Male","58",3908,4464,"50-59"
"PS0S4","45-59","Male","56",1943,2138,"50-59"
"PS0S5","60+","Female","60",682,747,"60-69"
"PS0S6","45-59","Female","51",142,155,"50-59"
"PS0S8","25-34","Female","26",550,609,"20-29"
"PS0S9","60+","Male","61",23,27,"60-69"
"PS0SA","45-59","Female","55",32,38,"50-59"
"PS0SB","35-44","Female","38",10586,12765,"30-39"
"PS0SC","0-14","Male","9",2915,3901,"0-9"
"PS0SD","45-59","Female","55",226,307,"50-59"
"PS0SE","0-14","Female","10+",26,39,"10-19"
"PS0SF","45-59","Female","50+",213,266,"50-59"
"PS0SG","35-44","Male","44",440,529,"40-49"
"PS0SH","15-24","Female","19",7091,8652,"10-19"
"PS0SJ","45-59","Female","55",6143,7336,"50-59"
"PS0SK","60+","Male","67",1415,1747,"60-69"
"PS0SV","60+","Male","66",3225,3992,"60-69"
"PS0SW","15-24","Female","15",5724,7056,"10-19"
"PS0SX",NA,NA,NA,10452,12756,NA
"PS0SY",NA,NA,NA,2344,3060,NA
"PS0T0",NA,NA,NA,1458,1773,NA
"PS0T1",NA,NA,NA,2092,2565,NA
"PS0T2",NA,NA,NA,108,137,NA
"PS0T3",NA,NA,NA,661,816,NA
"PS0T4",NA,NA,NA,874,1068,NA
"PS0T5",NA,NA,NA,1102,1291,NA
"PS0TU","15-24","Male","17",6583,8028,"10-19"
"PS0TV",NA,NA,NA,665,845,NA
"PS0TW",NA,NA,NA,3116,3922,NA
"PS0TX",NA,NA,NA,647,789,NA
"PS0TY",NA,NA,NA,244,317,NA
"PS0U0",NA,NA,NA,224,290,NA
"PS0U1",NA,NA,NA,3688,4479,NA
"PS0U2",NA,NA,NA,1830,2309,NA
"PS0U3","25-34","Male","30",1374,1711,"30-39"
"PS0V4","35-44","Male","37",24256,28806,"30-39"
"PS0V5","35-44","Female","35",25239,29617,"30-39"
"PS0V6","0-14","Female","11",6099,7415,"10-19"
"PS0V7","60+","Female","60+",1860,2188,"60-69"
"PS0V8","45-59","Female","59",4973,5798,"50-59"
"PS0V9","25-34","Female","29",567,666,"20-29"
"PS0VA","35-44","Female","40",172,242,"40-49"
"PS0VB","35-44","Male","37",972,1224,"30-39"
"PS0VC","45-59","Female","50",469,622,"50-59"
"PS0W2","60+","Male","70",40857,46691,"70+"
"PS0W3","35-44","Male","44",3414,3806,"40-49"
"PS0W4","60+","Female","70",22034,25200,"70+"
"PS0W5","0-14","Female","13",4745,5396,"10-19"
"PS0W6","0-14","Female","13",3616,4048,"10-19"
"PS0W7","0-14","Male","13",1617,1949,"10-19"
"PS0W8","0-14","Female","13",454,583,"10-19"
"PS0W9","35-44","Female","40",882,982,"40-49"
"PS0WA","45-59","Female","50",423,477,"50-59"
"PS0WN","35-44","Female","36",6821,8544,"30-39"
"PS0WP","25-34","Male","34",651,855,"30-39"
"PS0WR","0-14","Female","8",2606,3306,"0-9"
"PS0WS","0-14","Male","10",4650,5824,"10-19"
"PS0WT","0-14","Female","11",21,24,"10-19"
"PS0WU","35-44","Female","40+",363,437,"40-49"
"PS0WW","45-59","Male","50+",522,633,"50-59"
"PS0WX","35-44","Male","37",445,537,"30-39"
"PS0X2","15-24","Male","20",2446,2706,"20-29"
"PS0X3","45-59","Male","47",1365,1518,"40-49"
"PS0X4","45-59","Female","49",799,858,"40-49"
"PS0X5","15-24","Male","22",166,178,"20-29"
"PS0X6","15-24","Male","24",117,131,"20-29"
"PS0X7","15-24","Female","17",12,12,"10-19"
"PS0X8","45-59","Female","54",47790,55262,"50-59"
"PS0X9","25-34","Female","25",14822,17386,"20-29"
"PS0XA","45-59","Male","55",6314,7744,"50-59"
"PS0XB","25-34","Female","30",35,40,"30-39"
"PS0XC","35-44","Female","40",24,25,"40-49"
"PS0XD","45-59","Female","45",4058,4597,"40-49"
"PS0XE","60+","Female","62",2919,3379,"60-69"
"PS0XG","45-59","Female","49",12,13,"40-49"
"PS0XJ","15-24","Female","24",163,211,"20-29"
"PS0XK","25-34","Female","30",665,821,"30-39"
"PS0XL","25-34","Female","30+",36,48,"30-39"
"PS0XM","25-34","Female","30+",36,47,"30-39"
"PS0XN","45-59","Female","50",173,212,"50-59"
"PS0XP","35-44","Female","40",75,97,"40-49"
"PS0XR","60+","Female","70",8207,9578,"70+"
"PS0XS","35-44","Female","35",37,53,"30-39"
"PS0XU","45-59","Female","50",916,1004,"50-59"
"PS0XV","45-59","Female","45",493,551,"40-49"
"PS0Y4",NA,"Female",NA,614,688,NA
"PS0Y5","15-24","Female","17",124,212,"10-19"
"PS0Y7","45-59","Female","46",179,233,"40-49"
"PS0Y8","15-24","Male","17",16,24,"10-19"
"PS0YA","15-24","Male","18",980,1238,"10-19"
"PS0YC","15-24","Male","18",2888,3592,"10-19"
"PS0YX","60+","Male","75",1984,2257,"70+"
"PS0YY","60+","Female","73",692,861,"70+"
"PS100","60+","Male","73",590,779,"70+"
"PS101","45-59","Female","54",15008,18185,"50-59"
"PS102","35-44","Female","44",4783,5964,"40-49"
"PS103","25-34","Female","30",1040,1381,"30-39"
"PS104","25-34","Male","30+",521,702,"30-39"
"PS106","60+","Male","60+",95,115,"60-69"
"PS107","45-59","Male","45",7905,9559,"40-49"
"PS108","60+","Female","60+",155,197,"60-69"
"PS10D",NA,"Female",NA,3731,4365,NA
"PS10E",NA,"Male",NA,761,1027,NA
"PS10F",NA,"Male",NA,2418,2899,NA
"PS10G",NA,"Female",NA,923,1030,NA
"PS10H","15-24","Male","18",22,27,"10-19"
"PS10K","15-24","Male","23",624,800,"20-29"
"PS10L","45-59","Female","48",2540,3053,"40-49"
"PS10M","45-59","Male","53",820,1021,"50-59"
"PS11J","15-24","Female","23",2610,3056,"20-29"
"PS11L","0-14","Female","7",1101,1335,"0-9"
"PS11M","25-34","Male","25",48,73,"20-29"
"PS11N","15-24","Female","23",159,197,"20-29"
"PS11P","0-14","Female","3",146,203,"0-9"
"PS11R","45-59","Male","47",16,18,"40-49"
"PS125","45-59","Male","56",3347,3939,"50-59"
"PS126","25-34","Male","25",13642,17187,"20-29"
"PS127","35-44","Female","44",2916,3533,"40-49"
"PS128","0-14","Female","13",958,1228,"10-19"
"PS129","0-14","Female","11",1083,1404,"10-19"
"PS12A","35-44","Female","37",1819,2184,"30-39"
"PS12B","0-14","Female","11",435,561,"10-19"
"PS12C","0-14","Female","14",4663,5787,"10-19"
"PS12D","0-14","Female","14",135,171,"10-19"
"PS12E","15-24","Female","15",1874,2367,"10-19"
"PS138","35-44","Female","40+",1978,2330,"40-49"
"PS13A","0-14","Male","5",66,73,"0-9"
"PS13B","0-14","Female","3",242,320,"0-9"
"PS13C","35-44","Male","35",1533,1840,"30-39"
"PS13K","35-44","Female","37",19003,21173,"30-39"
"PS13L","0-14","Male","3",1054,1171,"0-9"
"PS13M","35-44","Male","40",3221,3472,"40-49"
"PS13N","0-14","Male","13",1948,2137,"10-19"
"PS13P","15-24","Male","17",1306,1444,"10-19"
"PS13R","15-24","Male","19",152,165,"10-19"
"PS13S","15-24","Female","20",78,84,"20-29"
"PS13T","25-34","Male","34",1367,1698,"30-39"
"PS13U","25-34","Female","34",658,785,"30-39"
"PS13X","60+","Male","63",1791,2112,"60-69"
"PS140",NA,"Female",NA,2166,2653,NA
"PS141","60+","Female","67",3556,4245,"60-69"
"PS142",NA,"Male",NA,1997,2546,NA
"PS143",NA,"Female",NA,1655,1941,NA
"PS144",NA,"Male",NA,42,61,NA
"PS145",NA,"Female",NA,1267,1511,NA
"PS146",NA,"Female",NA,48,60,NA
"PS147","35-44","Female","43",5886,7038,"40-49"
"PS148","0-14","Male","7",1961,2355,"0-9"
"PS149","45-59","Male","53",3194,3967,"50-59"
"PS14A","0-14","Female","2",120,194,"0-9"
"PS14B","45-59","Female","53",49704,57438,"50-59"
"PS14C","45-59","Male","57",9586,11400,"50-59"
"PS14D","0-14","Female","9",453,556,"0-9"
"PS14E","0-14","Female","8",271,338,"0-9"
"PS14F","0-14","Male","8",227,295,"0-9"
"PS14H","0-14","Male","6",801,1062,"0-9"
"PS14K","0-14","Male","6",372,426,"0-9"
"PS14L","35-44","Female","36",1316,1550,"30-39"
"PS14M","0-14","Male","2",1761,2163,"0-9"
"PS14N","0-14","Female","2",1703,2098,"0-9"
"PS14P","0-14","Male","2",935,1130,"0-9"
"PS14R","45-59","Female","53",11,14,"50-59"
"PS15B","0-14","Female","10",548,658,"10-19"
"PS15C","35-44","Female","37",79,103,"30-39"
"PS15D","35-44","Male","35+",80,102,"30-39"
"PS15G","35-44","Female","42",158,177,"40-49"
"PS15S","45-59","Male","55",1347,1644,"50-59"
"PS15U","45-59","Female","58",6224,7378,"50-59"
"PS15V","25-34","Male","27",77,98,"20-29"
"PS166","35-44","Female","38",239,294,"30-39"
"PS167","35-44","Female","39",2549,2823,"30-39"
"PS168","0-14","Female","9",793,894,"0-9"
"PS169","60+","Female","86",101,120,"70+"
"PS16F","0-14","Female","7",12,15,"0-9"
"PS16G","25-34","Female","32",447,563,"30-39"
"PS16H","0-14","Male","6",9,14,"0-9"
"PS16S",NA,NA,NA,26,34,NA
"PS172",NA,NA,NA,243,262,NA
"PS17G","25-34","Female","30",1100,1307,"30-39"
"PS17L","60+","Male","70",67,81,"70+"
"PS17M","60+","Male","70",267,321,"70+"
"PS17N","35-44","Female","35",17,23,"30-39"
"PS17S","60+","Male","60",75,90,"60-69"
"PS18D","25-34","Female","29",98,120,"20-29"
"PS18E","25-34","Female","25",3900,4624,"20-29"
"PS18H",NA,NA,NA,399,479,NA
"PS18J",NA,NA,NA,332,404,NA
"PS18K",NA,NA,NA,1300,1600,NA
"PS18L",NA,NA,NA,4391,5194,NA
"PS18M",NA,NA,NA,423,513,NA
"PS18N",NA,NA,NA,559,652,NA
"PS19L","25-34","Female","33",13621,15442,"30-39"
"PS19M","35-44","Male","38",2729,3071,"30-39"
"PS19N","0-14","Female","7",443,519,"0-9"
"PS19P","35-44","Female","41",5069,5660,"40-49"
"PS19R","60+","Female","65+",3048,3442,"60-69"
"PS19S","60+","Female","65+",1299,1464,"60-69"
"PS19T","60+","Male","65+",145,163,"60-69"
"PS19U","25-34","Female","30",2249,2550,"30-39"
"PS19V","60+","Female","64",703,785,"60-69"
"PS19Y","15-24","Male","18",14,15,"10-19"
"PS1A4","15-24","Male","22",40,43,"20-29"
"PS1A5","15-24","Male","17",13,14,"10-19"
"PS1A6","15-24","Male","23",5,7,"20-29"
"PS1A9","60+","Female","61",13153,16132,"60-69"
"PS1AA","60+","Male","61",5687,6847,"60-69"
"PS1AB","45-59","Female","45",332,436,"40-49"
"PS1AC","45-59","Female","50+",34,45,"50-59"
"PS1AD","25-34","Male","29",4242,5139,"20-29"
"PS1AE","25-34","Male","31",62,78,"30-39"
"PS1AF",NA,NA,NA,232,349,NA
"PS1AG","25-34","Female","28",5105,6141,"20-29"
"PS1AH","60+","Female","60",2821,3386,"60-69"
"PS1AT","35-44","Female","39",3964,4775,"30-39"
"PS1AU",NA,NA,NA,3,3,NA
"PS1AV",NA,NA,NA,2175,2392,NA
"PS1AW",NA,NA,NA,226,242,NA
"PS1AX",NA,NA,NA,423,467,NA
"PS1AY",NA,NA,NA,1242,1348,NA
"PS1B2","0-14","Male","6",377,479,"0-9"
"PS1BL","15-24","Male","15",9792,11297,"10-19"
"PS1BM","45-59","Female","45",3502,3952,"40-49"
"PS1BN","15-24","Male","16",3824,4405,"10-19"
"PS1BP","15-24","Male","16",1043,1169,"10-19"
"PS1BR","15-24","Male","15",719,890,"10-19"
"PS1BS","35-44","Female","40",18237,21568,"40-49"
"PS1BT","45-59","Male","46",11749,14117,"40-49"
"PS1BU","0-14","Male","9",2743,3424,"0-9"
"PS1BV","0-14","Male","6",6675,8358,"0-9"
"PS1BW","25-34","Female","27",231,300,"20-29"
"PS1BX","15-24","Female","24",8,11,"20-29"
"PS1BY","15-24","Male","16",24339,28774,"10-19"
"PS1C0",NA,NA,NA,2679,3034,NA
"PS1C1","35-44","Female","41",28847,33061,"40-49"
"PS1C2","45-59","Female","58",1292,1651,"50-59"
"PS1C3","60+","Female","62",673,924,"60-69"
"PS1C4","45-59","Female","53",1031,1290,"50-59"
"PS1C5","60+","Female","60",1134,1406,"60-69"
"PS1C6","35-44","Female","43",1120,1348,"40-49"
"PS1C7","60+","Male","63",7498,8393,"60-69"
"PS1C8","60+","Female","72",2956,3375,"70+"
"PS1C9","25-34","Female","30",3049,3462,"30-39"
"PS1CB","35-44","Female","43",2710,3180,"40-49"
"PS1CC","35-44","Female","41",1032,1271,"40-49"
"PS1CD","15-24","Female","16",137,178,"10-19"
"PS1CE","25-34","Male","34",795,990,"30-39"
"PS1CF","25-34","Female","32",261,324,"30-39"
"PS1CG","25-34","Male","33",1303,1550,"30-39"
"PS1CH","15-24","Female","18",1989,2458,"10-19"
"PS1CJ","45-59","Female","45",1117,1424,"40-49"
"PS1CK","15-24","Male","22",1599,1875,"20-29"
"PS1CL","45-59","Male","49",427,544,"40-49"
"PS1CM","25-34","Male","30",26,31,"30-39"
"PS1CP","45-59","Male","55",291,352,"50-59"
"PS1CR",NA,"Female",NA,204,248,NA
"PS1CS","15-24","Male","24",132,161,"20-29"
"PS1CU",NA,"Male",NA,254,310,NA
"PS1CV",NA,"Female",NA,20,25,NA
"PS1CX","35-44","Female","44",14958,17976,"40-49"
"PS1CY","15-24","Female","19",2683,3263,"10-19"
"PS1D0","25-34","Male","26",2222,2787,"20-29"
"PS1D1","15-24","Female","24",8777,10530,"20-29"
"PS1D2","60+","Male","71",1691,2117,"70+"
"PS1DA","60+","Male","62",243,314,"60-69"
"PS1DB","60+","Female","61",678,810,"60-69"
"PS1DC","25-34","Male","26",1871,2285,"20-29"
"PS1DD","25-34","Male","31",75,97,"30-39"
"PS1DE","15-24","Male","20",35,42,"20-29"
"PS1DF","25-34","Male","30",62,75,"30-39"
"PS1DG","15-24","Female","24",698,877,"20-29"
"PS1DP","35-44","Female","44",5493,6703,"40-49"
"PS1DR","0-14","Female","11",3073,3816,"10-19"
"PS1DS","45-59","Male","47",2641,3321,"40-49"
"PS1DT","25-34","Male","34",263,319,"30-39"
"PS1DU","25-34","Female","26",238,301,"20-29"
"PS1DV","0-14","Female","11",129,181,"10-19"
"PS1DW","45-59","Male","56",9954,11161,"50-59"
"PS1DX","60+","Female","60",1718,1925,"60-69"
"PS1DY","60+","Female","60",3295,3694,"60-69"
"PS1E0","45-59","Male","50",6815,7540,"50-59"
"PS1E4","60+","Male","78",10393,13015,"70+"
"PS1E5",NA,NA,NA,630,790,NA
"PS1E6",NA,NA,NA,3215,3873,NA
"PS1E7",NA,NA,NA,2817,3496,NA
"PS1E8",NA,NA,NA,2059,2510,NA
"PS1E9",NA,NA,NA,1013,1250,NA
"PS1EA",NA,NA,NA,909,1105,NA
"PS1EB",NA,NA,NA,3965,4922,NA
"PS1EC",NA,NA,NA,61,78,NA
"PS1EM","45-59","Male","56",2371,2803,"50-59"
"PS1EN","45-59","Female","54",8762,10491,"50-59"
"PS1EP","15-24","Female","21",5142,6232,"20-29"
"PS1ER","15-24","Male","22",2210,2643,"20-29"
"PS1ES","60+","Male","72",1655,2246,"70+"
"PS1ET","60+","Female","76",1482,1852,"70+"
"PS1EU","35-44","Male","40",645,752,"40-49"
"PS1EV","60+","Female","80",732,832,"70+"
"PS1EW","60+","Male","72",267,295,"70+"
"PS1F1","60+","Male","68",10480,11530,"60-69"
"PS1F2","60+","Female","65",5921,6492,"60-69"
"PS1F3","60+","Male","63",5539,6073,"60-69"
"PS1F4","60+","Male","65",1113,1227,"60-69"
"PS1FC","35-44","Female","37",39245,45819,"30-39"
"PS1FD","45-59","Female","54",3197,3759,"50-59"
"PS1FE","35-44","Female","42",11178,13418,"40-49"
"PS1FF","35-44","Male","40+",125,145,"40-49"
"PS1FG","35-44","Female","40+",3523,4291,"40-49"
"PS1FH","35-44","Male","39",2916,3566,"30-39"
"PS1FJ","0-14","Female","2",2025,2485,"0-9"
"PS1FK","25-34","Female","30+",1053,1266,"30-39"
"PS1G2","15-24","Male","17",5358,6719,"10-19"
"PS1G3","35-44","Female","36",2209,2642,"30-39"
"PS1G4","0-14","Female","10",14,20,"10-19"
"PS1G5","0-14","Male","12",87,118,"10-19"
"PS1G6","15-24","Male","16",1646,2163,"10-19"
"PS1G7","15-24","Male","19",33,43,"10-19"
"PS1G8","15-24","Male","17",2427,3185,"10-19"
"PS1G9","15-24","Female","15",49,65,"10-19"
"PS1GA","15-24","Female","16",183,240,"10-19"
"PS1GB","35-44","Male","37",140,179,"30-39"
"PS1GC","15-24","Male","21",269,356,"20-29"
"PS1GD","15-24","Female","19",31,39,"10-19"
"PS1GE","25-34","Male","25",23291,27656,"20-29"
"PS1GF","15-24","Male","22",22645,26610,"20-29"
"PS1GG","15-24","Male","21",1526,1874,"20-29"
"PS1GH","15-24","Male","21",1157,1421,"20-29"
"PS1GJ","15-24","Male","24",3579,4150,"20-29"
"PS1GK","25-34","Male","26",28,38,"20-29"
"PS1GL","15-24","Male","17",1505,1843,"10-19"
"PS1GM","35-44","Male","42",332,406,"40-49"
"PS1GN","25-34","Male","32",57,73,"30-39"
"PS1GP","15-24","Male","21",5,7,"20-29"
"PS1H4","25-34","Male","34",1929,2395,"30-39"
"PS1H5","0-14","Female","8",420,518,"0-9"
"PS1H6","0-14","Female","6",293,412,"0-9"
"PS1H7","0-14","Female","10",480,596,"10-19"
"PS1H8","25-34","Female","34",68,93,"30-39"
"PS1H9","25-34","Female","32",254,323,"30-39"
"PS1HA","25-34","Female","32",116,166,"30-39"
"PS1HH","45-59","Male","53",24022,28905,"50-59"
"PS1HJ","45-59","Female","45",10979,13165,"40-49"
"PS1HK","0-14","Female","3",1740,2162,"0-9"
"PS1HL","25-34","Male","34",257,305,"30-39"
"PS1HM","35-44","Female","43",17,23,"40-49"
"PS1HN","0-14","Female","10",1124,1464,"10-19"
"PS1HP","0-14","Male","11",5903,7161,"10-19"
"PS1HR","35-44","Male","39",113,148,"30-39"
"PS1HS","15-24","Male","20",947,1230,"20-29"
"PS1J2",NA,NA,NA,739,943,NA
"PS1J3",NA,NA,NA,48,66,NA
"PS1J4",NA,NA,NA,577,724,NA
"PS1J5",NA,NA,NA,419,526,NA
"PS1J6",NA,NA,NA,2158,2786,NA
"PS1J7",NA,NA,NA,421,518,NA
"PS1J8",NA,NA,NA,265,326,NA
"PS1J9",NA,NA,NA,1292,1636,NA
"PS1JA",NA,NA,NA,313,386,NA
"PS1JC",NA,NA,NA,6,14,NA
"PS1JD",NA,NA,NA,5385,6324,NA
"PS1JE",NA,NA,NA,608,795,NA
"PS1JG","0-14","Male","7",1345,1693,"0-9"
"PS1JH","0-14","Male","9",2984,3638,"0-9"
"PS1JJ","35-44","Male","40",2502,2895,"40-49"
"PS1JK",NA,NA,NA,4289,4733,NA
"PS1JN",NA,NA,NA,35,45,NA
"PS1JP",NA,NA,NA,3265,3940,NA
"PS1K2",NA,NA,NA,74,92,NA
"PS1K3",NA,NA,NA,3235,3706,NA
"PS1K4",NA,NA,NA,1517,1882,NA
"PS1K5",NA,NA,NA,8228,9763,NA
"PS1K6",NA,NA,NA,424,483,NA
"PS1K7",NA,NA,NA,607,674,NA
"PS1K9","45-59","Male","49",8272,9483,"40-49"
"PS1KA","35-44","Female","38",4895,5712,"30-39"
"PS1KL",NA,NA,NA,1,2,NA
"PS1KN",NA,NA,NA,3,4,NA
"PS1KS","45-59","Female","48+",1808,2175,"40-49"
"PS4XP","15-24","Female","19",1136,1392,"10-19"
"PS4XR","15-24","Female","21",1056,1310,"20-29"
"PS4XS","15-24","Female","19",704,855,"10-19"
"PS4XT","15-24","Male","23",239,284,"20-29"
"PS4XU",NA,"Male",NA,2417,2762,NA
"PS4XV","0-14","Male","14",362,418,"10-19"
"PS4XW","0-14","Male","13",131,172,"10-19"
"PS4XX","0-14","Female","13",18,24,"10-19"
"PS4Y2","25-34","Female","32",36,48,"30-39"
"PS4Y3",NA,"Male",NA,5854,7243,NA
"PS4Y4","45-59","Male","48",256,336,"40-49"
"PS4Y5","0-14","Male","12",145,192,"10-19"
"PS4Y6","0-14","Male","13",35,42,"10-19"
"PS4Y7","15-24","Female","16",1,2,"10-19"
"PS4Y8","35-44","Female","41",91,118,"40-49"
"PS4Y9","0-14","Male","11",539,680,"10-19"
"PS4YM","45-59","Male","50",661,786,"50-59"
"PS4YN","45-59","Male","48",107,119,"40-49"
"PS4YP","0-14","Male","8",115,127,"0-9"
"PS4YX","0-14","Male","14",3039,3631,"10-19"
"PS4YY","0-14","Male","14",3024,3778,"10-19"
"PS500","0-14","Male","14",3386,4352,"10-19"
"PS501","0-14","Female","13",1133,1409,"10-19"
"PS50D","15-24","Male","15",868,985,"10-19"
"PS50E","15-24","Male","15",7,10,"10-19"
"PS50F","15-24","Male","15",435,488,"10-19"
"PS50G","15-24","Male","16",52,65,"10-19"
"PS50J","15-24","Male","15",58,67,"10-19"
"PS50S","35-44","Female","35",15,17,"30-39"
"PS50T","35-44","Male","44",37591,43101,"40-49"
"PS50U","60+","Female","70",14697,16107,"70+"
"PS50V","35-44","Female","43",5037,5595,"40-49"
"PS50W","15-24","Male","16",1427,1608,"10-19"
"PS50X","0-14","Male","14",5437,6467,"10-19"
"PS50Y","35-44","Male","35",341,367,"30-39"
"PS510","60+","Male","72",5440,6590,"70+"
"PS513",NA,"Female",NA,3378,3871,NA
"PS514","0-14","Female","13",1121,1307,"10-19"
"PS515",NA,"Female",NA,1452,1710,NA
"PS516","0-14","Female","13",373,412,"10-19"
"PS517",NA,"Male",NA,215,243,NA
"PS518","0-14","Female","13",794,913,"10-19"
"PS519","0-14","Female","13",1092,1218,"10-19"
"PS51F","0-14","Female","14",7054,8672,"10-19"
"PS51G","0-14","Female","14",2505,3092,"10-19"
"PS51H","0-14","Male","14",9,12,"10-19"
"PS51J",NA,"Male",NA,2613,2952,NA
"PS51K","0-14","Female","14",16,20,"10-19"
"PS51L",NA,"Male",NA,16,20,NA
"PS51M",NA,"Male",NA,242,282,NA
"PS51S","15-24","Female","15",18775,21805,"10-19"
"PS51T","15-24","Female","15",1479,1814,"10-19"
"PS51U","0-14","Female","14",805,972,"10-19"
"PS51V","0-14","Male","13",214,260,"10-19"
"PS51W","0-14","Male","14",1259,1480,"10-19"
"PS527","15-24","Female","20",17436,21283,"20-29"
"PS52C","15-24","Female","16",18314,21013,"10-19"
"PS52D","15-24","Female","16",167,205,"10-19"
"PS52E","15-24","Female","16",42,55,"10-19"
"PS52F","15-24","Female","16",4492,5190,"10-19"
"PS52G","15-24","Female","16",1869,2172,"10-19"
"PS52H","15-24","Female","16",43,56,"10-19"
"PS52J","15-24","Male","16",119,150,"10-19"
"PS52K",NA,"Male",NA,2223,2664,NA
"PS52L",NA,"Female",NA,352,404,NA
"PS52N","35-44","Male","35",827,1022,"30-39"
"PS52P","35-44","Male","40",176,221,"40-49"
"PS52R","45-59","Male","45",29,45,"40-49"
"PS52S","15-24","Male","22",124,172,"20-29"
"PS52T","25-34","Male","33",1574,1928,"30-39"
"PS52U","25-34","Female","33",9714,11875,"30-39"
"PS52V","0-14","Male","5",1985,2641,"0-9"
"PS52W","0-14","Male","3",1369,1825,"0-9"
"PS52X","60+","Female","60",5581,6755,"60-69"
"PS52Y","60+","Female","72",1403,1704,"70+"
"PS530","60+","Female","65+",200,246,"60-69"
"PS532","0-14","Male","13",2829,3428,"10-19"
"PS533","45-59","Male","45",152,193,"40-49"
"PS534","35-44","Female","43",842,1019,"40-49"
"PS535","15-24","Female","18",575,690,"10-19"
"PS53C","0-14","Male","13",8375,9867,"10-19"
"PS53D","0-14","Male","13",684,872,"10-19"
"PS53E",NA,"Male",NA,1506,1827,NA
"PS53F","0-14","Male","13",555,661,"10-19"
"PS53G","0-14","Male","13",2629,3139,"10-19"
"PS53H","0-14","Male","13",4147,4708,"10-19"
"PS53J","0-14","Male","13",149,174,"10-19"
"PS53K","0-14","Male","14",109,138,"10-19"
"PS540","15-24","Male","15",1745,2260,"10-19"
"PS543","25-34","Female","31",1702,2087,"30-39"
"PS544","0-14","Male","6",203,260,"0-9"
"PS545","0-14","Female","5",191,256,"0-9"
"PS546","0-14","Male","1",48,83,"0-9"
"PS548","25-34","Male","31",12,17,"30-39"
"PS549","35-44","Male","36",2121,2589,"30-39"
"PS54A","0-14","Female","11",168,233,"10-19"
"PS54B","0-14","Female","8",177,216,"0-9"
"PS54C","25-34","Female","33",1561,1900,"30-39"
"PS54D","60+","Male","73",473,596,"70+"
"PS54E","60+","Female","71",620,733,"70+"
"PS54G","15-24","Female","15",7060,8845,"10-19"
"PS54H","15-24","Female","15",1487,1858,"10-19"
"PS54J","15-24","Female","16",10,13,"10-19"
"PS54K","15-24","Male","15",283,349,"10-19"
"PS54L","15-24","Female","18",2695,3334,"10-19"
"PS54T","15-24","Male","16",1107,1375,"10-19"
"PS54U","15-24","Male","16",244,317,"10-19"
"PS54V","0-14","Male","13",941,1091,"10-19"
"PS54Y","15-24","Male","16",287,358,"10-19"
"PS550","15-24","Male","16",289,350,"10-19"
"PS555","0-14","Female","14",29258,35268,"10-19"
"PS556","15-24","Female","15",3412,4274,"10-19"
"PS557","15-24","Female","15",535,711,"10-19"
"PS558","15-24","Female","15",81,101,"10-19"
"PS559","15-24","Male","16",135,182,"10-19"
"PS55A","0-14","Male","13",1132,1581,"10-19"
"PS55B","0-14","Male","12",416,553,"10-19"
"PS55C","0-14","Male","12",330,425,"10-19"
"PS55D","0-14","Male","10",5,7,"10-19"
"PS55E","15-24","Female","17",25,31,"10-19"
"PS55F","0-14","Female","13",102,132,"10-19"
"PS55G",NA,"Female",NA,550,692,NA
"PS55H",NA,"Female",NA,473,608,NA
"PS55J",NA,"Female",NA,355,425,NA
"PS55K","15-24","Female","15",448,552,"10-19"
"PS55L","0-14","Female","14",621,748,"10-19"
"PS55M","15-24","Male","15",24,34,"10-19"
"PS55N","15-24","Male","15",83,106,"10-19"
"PS55P",NA,"Female",NA,2,4,NA
"PS55R","15-24","Male","16",59,82,"10-19"
"PS55S","15-24","Male","15",223,277,"10-19"
"PS55T","15-24","Female","17",4138,4991,"10-19"
"PS55U","15-24","Female","17",3339,3914,"10-19"
"PS55V","15-24","Female","17",288,331,"10-19"
"PS560","15-24","Female","24",1346,1688,"20-29"
"PS561","25-34","Female","32",828,993,"30-39"
"PS562","25-34","Male","32",948,1136,"30-39"
"PS563","15-24","Female","23",2679,3235,"20-29"
"PS564","25-34","Male","27",476,591,"20-29"
"PS565","25-34","Male","28",325,407,"20-29"
"PS56D","0-14","Male","13",2810,3477,"10-19"
"PS56E","0-14","Female","13",164,208,"10-19"
"PS56F","0-14","Male","13",78,101,"10-19"
"PS56M","60+","Female","73",3989,4802,"70+"
"PS571","15-24","Female","22",866,1063,"20-29"
"PS572","15-24","Female","21",55,68,"20-29"
"PS573","15-24","Female","20",159,203,"20-29"
"PS574","15-24","Female","20",209,267,"20-29"
"PS575","45-59","Female","45",461,528,"40-49"
"PS576","15-24","Female","20",1055,1258,"20-29"
"PS577","15-24","Female","20",384,468,"20-29"
"PS578","15-24","Female","21",22,32,"20-29"
"PS57A","0-14","Male","13",3563,4343,"10-19"
"PS57B","15-24","Male","17",259,347,"10-19"
"PS57C","15-24","Male","18",577,717,"10-19"
"PS57D","15-24","Female","17",1080,1329,"10-19"
"PS57E","15-24","Male","19",730,926,"10-19"
"PS57F","0-14","Male","13",81,100,"10-19"
"PS57G","0-14","Male","13",12,18,"10-19"
"PS57L","15-24","Female","21",2989,3724,"20-29"
"PS57M","15-24","Male","21",3445,4299,"20-29"
"PS57N","15-24","Male","21",3805,4772,"20-29"
"PS57P","15-24","Female","16",41,50,"10-19"
"PS57R","0-14","Female","12",6,8,"10-19"
"PS57S","0-14","Female","14",3,7,"10-19"
"PS57T","0-14","Male","14",4873,5953,"10-19"
"PS57U","15-24","Male","15",419,531,"10-19"
"PS57V","15-24","Male","15",1744,2259,"10-19"
"PS57W","15-24","Male","15",274,323,"10-19"
"PS582","25-34","Female","27",3842,4650,"20-29"
"PS583","25-34","Female","29",6160,7336,"20-29"
"PS584","35-44","Male","36",3756,4505,"30-39"
"PS585","35-44","Male","40",4144,4980,"40-49"
"PS586","15-24","Female","19",12057,14893,"10-19"
"PS58H","15-24","Male","15",376,468,"10-19"
"PS58J","15-24","Male","15",2470,3049,"10-19"
"PS58K","0-14","Male","14",3073,3797,"10-19"
"PS58L",NA,"Male",NA,104,138,NA
"PS58M","0-14","Female","13",459,579,"10-19"
"PS58N","0-14","Male","14",512,670,"10-19"
"PS58P","0-14","Male","13",265,339,"10-19"
"PS58U","0-14","Female","13",4421,5234,"10-19"
"PS58V","0-14","Female","13",296,375,"10-19"
"PS58W","0-14","Female","13",6,7,"10-19"
"PS58X","0-14","Male","13",162,201,"10-19"
"PS58Y","35-44","Female","37",485,547,"30-39"
"PS590","0-14","Female","13",81,91,"10-19"
"PS591","0-14","Female","10",239,281,"10-19"
"PS593","15-24","Male","21",124,198,"20-29"
"PS594","15-24","Male","19",152,209,"10-19"
"PS595","15-24","Male","16",40,69,"10-19"
"PS596",NA,"Female",NA,106,151,NA
"PS597",NA,"Male",NA,13,25,NA
"PS598",NA,"Female",NA,888,1067,NA
"PS599",NA,"Female",NA,282,447,NA
"PS59A",NA,"Male",NA,8,14,NA
"PS59B","45-59","Female","52",7623,8880,"50-59"
"PS59C","45-59","Female","50",3428,4038,"50-59"
"PS59D","15-24","Female","23",513,602,"20-29"
"PS59E","45-59","Female","49",622,793,"40-49"
"PS59F","15-24","Male","18",2353,2838,"10-19"
"PS59G","0-14","Male","5",2202,2525,"0-9"
"PS59H","0-14","Female","3",1128,1262,"0-9"
"PS59U","0-14","Male","12",3600,4276,"10-19"
"PS59V","0-14","Male","13",221,257,"10-19"
"PS59W","0-14","Male","13",74,85,"10-19"
"PS59X","45-59","Male","45",89,113,"40-49"
"PS59Y","0-14","Female","10",72,86,"10-19"
"PS5A0","0-14","Male","13",159,197,"10-19"
"PS5A1","0-14","Male","14",4848,6184,"10-19"
"PS5A2","0-14","Male","14",9,10,"10-19"
"PS5A3","0-14","Female","14",599,746,"10-19"
"PS5A4","35-44","Female","39",753,938,"30-39"
"PS5A5","0-14","Male","1",83,121,"0-9"
"PS5A6","0-14","Male","14",269,378,"10-19"
"PS5A7","15-24","Female","16",83,103,"10-19"
"PS5A8","15-24","Male","19",8,14,"10-19"
"PS5A9",NA,"Male",NA,7,16,NA
"PS5AA","0-14","Male","14",1015,1255,"10-19"
"PS5AB","0-14","Female","14",55,71,"10-19"
"PS5AF","15-24","Female","19",766,922,"10-19"
"PS5AG",NA,"Female",NA,339,408,NA
"PS5AH","15-24","Female","15",94,117,"10-19"
"PS5AJ",NA,NA,NA,2,3,NA
"PS5AK",NA,NA,NA,757,917,NA
"PS5AL",NA,NA,NA,270,335,NA
"PS5AN","45-59","Female","59",4,4,"50-59"
"PS5AP",NA,NA,NA,1687,1896,NA
"PS5AR",NA,NA,NA,569,649,NA
"PS5AS",NA,NA,NA,21,25,NA
"PS5AV","0-14","Female","13",8,10,"10-19"
"PS5AW",NA,NA,NA,560,666,NA
"PS6NU","15-24","Female","24",142,170,"20-29"
"PS6NV","0-14","Male","13",3885,4717,"10-19"
"PS6NW","0-14","Male","13",2932,3613,"10-19"
"PS6NX","0-14","Male","10",370,459,"10-19"
"PS6NY","0-14","Male","14",429,543,"10-19"
"PS6P0","0-14","Male","14",604,778,"10-19"
"PS6P1","0-14","Male","12",472,609,"10-19"
"PS6P2","0-14","Female","13",531,663,"10-19"
"PS6P3","15-24","Male","15",283,360,"10-19"
"PS6P4","15-24","Male","15",248,352,"10-19"
"PS6P5","15-24","Female","20",519,665,"20-29"
"PS6P6","15-24","Female","16",882,1095,"10-19"
"PS6P7","45-59","Male","48",202,265,"40-49"
"PS6P8","25-34","Female","27",321,367,"20-29"
"PS6P9","35-44","Female","36",230,279,"30-39"
"PS6PA","25-34","Male","31",5,7,"30-39"
"PS6PB","0-14","Male","2",183,240,"0-9"
"PS6PC","15-24","Female","21",1393,1678,"20-29"
"PS6PD","25-34","Male","30+",1439,1772,"30-39"
"PS6PE","15-24","Female","24",64,87,"20-29"
"PS6PF","15-24","Male","20",956,1165,"20-29"
"PS6PG","45-59","Female","48",153,205,"40-49"
"PS6PH","45-59","Male","51",3139,3695,"50-59"
"PS6PM","25-34","Male","29",933,1140,"20-29"
"PS6PN","35-44","Male","40",975,1166,"40-49"
"PS6PP","45-59","Male","50",746,889,"50-59"
"PS6PR","45-59","Male","50",519,630,"50-59"
"PS6PS","15-24","Female","17",516,626,"10-19"
"PS6PT","45-59","Male","45",489,612,"40-49"
"PS6PU","35-44","Male","38",73,87,"30-39"
"PS6R1","35-44","Female","42",139,169,"40-49"
"PS6R3","15-24","Male","15",389,511,"10-19"
"PS6R4","0-14","Female","12",107,150,"10-19"
"PS6R5","15-24","Male","15",112,145,"10-19"
"PS6R6","15-24","Female","16",97,118,"10-19"
"PS6R7",NA,"Male",NA,373,461,NA
"PS6R8","45-59","Female","53",13030,15102,"50-59"
"PS6R9","45-59","Male","45",4601,5525,"40-49"
"PS6RA","15-24","Male","21",552,704,"20-29"
"PS6RB","15-24","Female","19",2339,2782,"10-19"
"PS6RC","60+","Female","72",11194,13346,"70+"
"PS6RD","60+","Male","75",3682,4495,"70+"
"PS6RE","15-24","Female","23",227,253,"20-29"
"PS6RF","25-34","Male","27",1917,2154,"20-29"
"PS6RG","45-59","Female","50",15111,18197,"50-59"
"PS6RM","0-14","Male","13",471,600,"10-19"
"PS6RN","45-59","Female","45",770,930,"40-49"
"PS6RP","45-59","Female","45",554,678,"40-49"
"PS6RR","15-24","Male","21",337,421,"20-29"
"PS6RV","15-24","Male","15",12,16,"10-19"
"PS6RW",NA,"Female",NA,7913,9623,NA
"PS6RX","15-24","Female","20",425,536,"20-29"
"PS6RY","15-24","Female","22",901,1134,"20-29"
"PS6SG","0-14","Male","13",961,1225,"10-19"
"PS6SH","0-14","Female","13",3940,4769,"10-19"
"PS6SJ","0-14","Female","13",371,472,"10-19"
"PS6SK",NA,"Male",NA,761,1007,NA
"PS6SL",NA,"Male",NA,185,250,NA
"PS6SM","15-24","Female","18",2188,2691,"10-19"
"PS6SN","15-24","Female","15",35,46,"10-19"
"PS6SP",NA,"Female",NA,876,964,NA
"PS6ST",NA,NA,NA,2200,3182,NA
"PS6T9",NA,NA,NA,571,776,NA
"PS6TA",NA,NA,NA,262,363,NA
"PS6TB",NA,NA,NA,13607,16101,NA
"PS6TD",NA,NA,NA,8444,10203,NA
"PS6TE",NA,NA,NA,5235,5862,NA
"PS6TF",NA,NA,NA,3504,4265,NA
"PS6TG",NA,NA,NA,896,1094,NA
"PS6TH",NA,NA,NA,497,657,NA
"PS6TJ",NA,NA,NA,113,140,NA
"PS6TK",NA,NA,NA,1460,1914,NA
"PS6TL",NA,NA,NA,922,1143,NA
"PS6TN",NA,NA,NA,75,110,NA
"PS6TP",NA,NA,NA,7,8,NA
"PS6TR",NA,NA,NA,8,12,NA
"PS6TS",NA,NA,NA,276,347,NA
"PS6TT",NA,NA,NA,317,398,NA
"PS6TU",NA,NA,NA,166,200,NA
"PS6TY",NA,NA,NA,14,18,NA
"PS6U1",NA,NA,NA,10874,12870,NA
"PS6U2",NA,NA,NA,4778,6219,NA
"PS6U4",NA,NA,NA,360,472,NA
"PS6U5",NA,NA,NA,425,502,NA
"PS6U6",NA,NA,NA,1322,1580,NA
"PS6U7",NA,NA,NA,632,744,NA
"PS6U9",NA,NA,NA,125,145,NA
